fa_companies,fa_company_norm
กรุงไทย เอ็กซ์สปริง จำกัด,กรุงไทย
กรุงไทยแอดไวซ์เซอรี่ จำกัด,กรุงไทย
กรุงศรี พัฒนสิน จำกัด (มหาชน),กรุงศรี
กสิกรไทย จำกัด (มหาชน),กสิกรไทย
กสิกรไทย บล.,กสิกรไทย
เกียรตินาคินภัทร จำกัด (มหาชน),เกียรตินาคินภัทร
โกลเบล็ก จำกัด,โกลเบล็ก
โกลเบล็ก บจก. บล.,โกลเบล็ก
โกลเบล็ก แอ็ดไวเซอรี่ บจก.,โกลเบล็ก
คันทรี่ กรุ๊ป บล.บมจ.,คันทรี่ กรุ๊ป
เคจีไอ (ประเทศไทย) จำกัด (มหาชน),เคจีไอ
เคจีไอ (ประเทศไทย) บล.บมจ.,เคจีไอ
เคที ซีมิโก้ บล.,กรุงไทย
ซิกโก้ แอ็ดไวเซอรี่ บจก.,ซิกโก้
ซีมิโก้ บล.บมจ.,กรุงไทย
ซีไอเอ็มบี ไทย จำกัด (มหาชน),ซีไอเอ็มบี ไทย
เซจแคปปิตอล จำกัด,เซจแคปปิตอล
ไซรัส บล. บมจ.,ฟินันเซีย ไซรัส
ดีบีเอส วิคเคอร์ส (ประเทศไทย) บล.บจก.,ดีบีเอส วิคเคอร์ส
เดอะ ควอนท์ กรุ๊ป จำกัด,เดอะ ควอนท์ กรุ๊ป
ทรีนีตี้ จำกัด,ทรีนีตี้
ทรีนีตี้ แอ๊ดไวซอรี่ 2001 จำกัด,ทรีนีตี้
ทรีนีตี้ แอ๊ดไวซอรี่ 2001 บจก.,ทรีนีตี้
ทิสโก้ จำกัด,ทิสโก้
ทิสโก้ บล.บจก.,ทิสโก้
ที่ปรึกษา เอเซีย พลัส จำกัด,เอเซีย พลัส
เทิร์น อะราวด์ บล.บจก.,เทิร์น อะราวด์
ไทยพาณิชย์ จำกัด (มหาชน),ไทยพาณิชย์
ไทยสแตรทีจิค แคปปิตอล บจก.,ไทยสแตรทีจิค แคปปิตอล
ธนชาต จำกัด (มหาชน),ธนชาต
ธนชาต จำกัด (มหาชน) บล.,ธนชาต
ธนาคารกรุงไทย จำกัด (มหาชน),กรุงไทย
ธนาคารซีไอเอ็มบี ไทย จำกัด (มหาชน),ซีไอเอ็มบี ไทย
ธนาคารทิสโก้ จำกัด (มหาชน),ทิสโก้
ธนาคารไทยพาณิชย์ จำกัด (มหาชน),ไทยพาณิชย์
โนมูระ พัฒนสิน บมจ. บล.,โนมูระ พัฒนสิน
บริษัท คันทรี่ กรุ๊ป แอ๊ดไวเซอรี่ จำกัด,คันทรี่ กรุ๊ป
บริษัท แคปปิตอล วัน พาร์ทเนอร์ จำกัด,แคปปิตอล วัน พาร์ทเนอร์
บริษัท เจย์ แคปปิตอล แอดไวเซอรี จำกัด,เจย์ แคปปิตอล แอดไวเซอรี
บริษัท เซจแคปปิตอล จำกัด,เซจแคปปิตอล
บริษัท ที่ปรึกษา เอเซีย พลัส จำกัด,เอเซีย พลัส
บริษัท พาย แอ๊ดไวเซอรี่ จำกัด,พาย
บริษัท ไพโอเนีย แอดไวเซอรี่ จำกัด,ไพโอเนีย
บริษัท ฟินเน็กซ์ แอ๊ดไวเซอรี่ จำกัด,ฟินเน็กซ์
บริษัท สยาม อัลฟา แคปปิตอล จำกัด,สยาม อัลฟา แคปปิตอล
บริษัท หลักทรัพย์ กรุงไทย ซีมิโก้ จำกัด,กรุงไทย
บริษัท หลักทรัพย์ กสิกรไทย จำกัด (มหาชน),กสิกรไทย
บริษัท หลักทรัพย์ เกียรตินาคินภัทร จำกัด (มหาชน),เกียรตินาคินภัทร
บริษัท หลักทรัพย์ เคทีบีเอสที จำกัด (มหาชน),ดาโอ
บริษัท หลักทรัพย์ ดาโอ (ประเทศไทย) จำกัด (มหาชน),ดาโอ
บริษัท หลักทรัพย์ โนมูระ พัฒนสิน จำกัด (มหาชน),โนมูระ พัฒนสิน
บริษัท หลักทรัพย์ เอเชีย เวลท์ จำกัด,เอเชีย เวลท์
บริษัท หลักทรัพย์โกลเบล็ก จำกัด,โกลเบล็ก
บริษัท หลักทรัพย์คันทรี่ กรุ๊ป จำกัด (มหาชน),คันทรี่ กรุ๊ป
บริษัท หลักทรัพย์คิงส์ฟอร์ด จำกัด (มหาชน),คิงส์ฟอร์ด
บริษัท หลักทรัพย์เคจีไอ (ประเทศไทย) จำกัด (มหาชน),เคจีไอ
บริษัท หลักทรัพย์เคที ซีมิโก้ จำกัด,กรุงไทย
บริษัท หลักทรัพย์เคทีบี (ประเทศไทย) จำกัด (มหาชน),ดาโอ
บริษัท หลักทรัพย์ทรีนีตี้ จำกัด,ทรีนีตี้
บริษัท หลักทรัพย์ทิสโก้ จำกัด,ทิสโก้
บริษัท หลักทรัพย์ธนชาต จำกัด (มหาชน),ธนชาต
บริษัท หลักทรัพย์โนมูระ พัฒนสิน จำกัด (มหาชน),โนมูระ พัฒนสิน
บริษัท หลักทรัพย์บัวหลวง จำกัด (มหาชน),บัวหลวง
บริษัท หลักทรัพย์ฟินันซ่า จำกัด,ฟินันเซีย ไซรัส
บริษัท หลักทรัพย์ฟินันเซีย ไซรัส จำกัด (มหาชน),ฟินันเซีย ไซรัส
บริษัท หลักทรัพย์ฟิลลิป (ประเทศไทย) จำกัด (มหาชน),ฟิลลิป
บริษัท หลักทรัพย์ภัทร จำกัด (มหาชน),เกียรตินาคินภัทร
บริษัท หลักทรัพย์เมย์แบงก์ (ประเทศไทย) จำกัด (มหาชน),เมย์แบงก์
บริษัท หลักทรัพย์เมย์แบงก์ กิมเอ็ง (ประเทศไทย) จำกัด (มหาชน),เมย์แบงก์
บริษัท หลักทรัพย์ยูโอบี เคย์เฮียน (ประเทศไทย) จำกัด (มหาชน),ยูโอบี เคย์เฮียน
บริษัท หลักทรัพย์หยวนต้า (ประเทศไทย) จำกัด,หยวนต้า
บริษัท หลักทรัพย์อาร์เอชบี (ประเทศไทย) จำกัด (มหาชน),อาร์เอชบี
บริษัท หลักทรัพย์เออีซี จำกัด (มหาชน),เออีซี
บริษัท หลักทรัพย์ไอ วี โกลบอล จำกัด (มหาชน),ไอ วี โกลบอล
บริษัท อวานการ์ด แคปปิตอล จำกัด,อวานการ์ด แคปปิตอล
บริษัท ออพท์เอเชีย แคปิตอล จำกัด,ออพท์เอเชีย แคปิตอล
บริษัท เอส 14 แอดไวเซอรี่ จำกัด,เอส 14 แอดไวเซอรี่
บริษัท แอดไวเซอรี่ พลัส จำกัด,แอดไวเซอรี่ พลัส
บริษัท แอสเซท โปร แมเนจเม้นท์ จำกัด,แอสเซท โปร แมเนจเม้นท์
บริษัทหลักทรัพย์ เคทีบี จำกัด,ดาโอ
บริษัทหลักทรัพย์ ฟินันเซีย ไซรัส จำกัด (มหาชน),ฟินันเซีย ไซรัส
บัวหลวง จำกัด (มหาชน),บัวหลวง
บัวหลวง บล.บจก.,บัวหลวง
บีที บล.บจก.,บีที
บีฟิท บล.บจก.,บีฟิท
พาย จำกัด (มหาชน),พาย
ไพร้ซวอเตอร์ เฮ้าส์คูเปอร์ส เอฟเอเอส บจก.,ไพร้ซวอเตอร์ เฮ้าส์คูเปอร์ส เอฟเอเอส
ฟาร์อีสท์ แคปปิตอล แอ๊ดไวเซอรี่ บจก.,ฟาร์อีสท์ แคปปิตอล
ฟินน์คอร์ป แอดไวซอรี่ จำกัด,ฟินน์คอร์ป
ฟินเน็กซ์ แอ๊ดไวเซอรี่ จำกัด,ฟินเน็กซ์
ฟินันซ่า จำกัด,ฟินันเซีย ไซรัส
ฟินันซ่า บล.บจก.,ฟินันเซีย ไซรัส
ฟินันเซีย ไซรัส จำกัด (มหาชน),ฟินันเซีย ไซรัส
ฟิลลิป (ประเทศไทย) จำกัด (มหาชน),ฟิลลิป
ฟิลลิป (ประเทศไทย) บล.บมจ.,ฟิลลิป
ภัทร บล. บจก.,เกียรตินาคินภัทร
ภัทร บล.บมจ.,เกียรตินาคินภัทร
เมย์แบงก์ (ประเทศไทย) จำกัด (มหาชน),เมย์แบงก์
เมย์แบงก์ กิมเอ็ง (ประเทศไทย) บล.บจก.,เมย์แบงก์
ยูไนเต็ด บล.บมจ.,ยูไนเต็ด
เวลธิเอสท์ บีซีเอ จำกัด,เวลธิเอสท์ บีซีเอ
เวลธิเอสท์ บีซีเอ บจก.,เวลธิเอสท์ บีซีเอ
หยวนต้า (ประเทศไทย) บล.บจก.,หยวนต้า
อาร์เอชบี (ประเทศไทย) จำกัด (มหาชน),อาร์เอชบี
เอแคป แอ๊ดไวเซอรี บมจ.,เอแคป แอ๊ดไวเซอรี
เอเซีย พลัส บล.บมจ.,เอเซีย พลัส
แอ๊ดวานซ์ แคปปิตอล เซอร์วิสเซส จำกัด,แอ๊ดวานซ์ แคปปิตอล เซอร์วิสเซส
แอ็ดไวเซอรี่ เซอร์วิส,แอ็ดไวเซอรี่ เซอร์วิส
แอดไวเซอรี่ พลัส จำกัด,แอดไวเซอรี่ พลัส
แอดไวเซอรี่ พลัส บจก.,แอดไวเซอรี่ พลัส
แอสเซท โปร แมเนจเม้นท์ จำกัด,แอสเซท โปร แมเนจเม้นท์
แอสเซท โปร แมเนจเม้นท์ บจ.,แอสเซท โปร แมเนจเม้นท์
แอสเซท พลัส บล.บจก.,แอสเซท พลัส
ไอเอฟซีที แอดไวเซอรี บจก.,ไอเอฟซีที แอดไวเซอรี
